{
    "id": "a1Tako",
    "name": "a1Tako",
    "updatedAt": "1",
    "thumbnail": "emo_big_1.png",
    "stickers": [ 
      {
        "id": "emo_big_1",
        "name": "emo_big_1.png",
        "categoryId": "a1Tako"
      },
      {
        "id": "emo_big_2",
        "name": "emo_big_2.png",
        "categoryId": "a1Tako"
      },
      {
        "id": "emo_big_3",
        "name": "emo_big_3.png",
        "categoryId": "a1Tako"
      },
      {
        "id": "emo_big_4",
        "name": "emo_big_4.png",
        "categoryId": "a1Tako"
      },
      {
        "id": "emo_big_5",
        "name": "emo_big_5.png",
        "categoryId": "a1Tako"
      },
      {
        "id": "emo_big_6",
        "name": "emo_big_6.png",
        "categoryId": "a1Tako"
      },
      {
        "id": "emo_big_7",
        "name": "emo_big_7.png",
        "categoryId": "a1Tako"
      },
      {
        "id": "emo_big_8",
        "name": "emo_big_8.png",
        "categoryId": "a1Tako"
      },
      {
        "id": "emo_big_9",
        "name": "emo_big_9.png",
        "categoryId": "a1Tako"
      },
      {
        "id": "emo_big_10",
        "name": "emo_big_10.png",
        "categoryId": "a1Tako"
      },
      {
        "id": "emo_big_11",
        "name": "emo_big_11.png",
        "categoryId": "a1Tako"
      },
      {
        "id": "emo_big_12",
        "name": "emo_big_12.png",
        "categoryId": "a1Tako4"
      },
      {
        "id": "emo_big_13",
        "name": "emo_big_13.png",
        "categoryId": "a1Tako"
      },
      {
        "id": "emo_big_14",
        "name": "emo_big_14.png",
        "categoryId": "a1Tako"
      },
      {
        "id": "emo_big_15",
        "name": "emo_big_15.png",
        "categoryId": "a1Tako"
      },
      {
        "id": "emo_big_16",
        "name": "emo_big_16.png",
        "categoryId": "a1Tako"
      }
    ]
  }
  
