{
   "id":"Cuckoo",
   "name":"Cuckoo",
   "updatedAt": "0",
   "thumbnail":"laugh.png",
   "stickers":[
      {
         "id":"Cuckoo_0",
         "name":"angry.png",
         "categoryId":"Cuckoo"
      },
      {
         "id":"Cuckoo_1",
         "name":"boring.png",
         "categoryId":"Cuckoo"
      },
      {
         "id":"Cuckoo_2",
         "name":"cool.png",
         "categoryId":"Cuckoo"
      },
      {
         "id":"Cuckoo_3",
         "name":"cry.png",
         "categoryId":"Cuckoo"
      },
      {
         "id":"Cuckoo_4",
         "name":"died.png",
         "categoryId":"Cuckoo"
      },
      {
         "id":"Cuckoo_5",
         "name":"laugh.png",
         "categoryId":"Cuckoo"
      },
      {
         "id":"Cuckoo_6",
         "name":"like_it.png",
         "categoryId":"Cuckoo"
      },
      {
         "id":"Cuckoo_7",
         "name":"love.png",
         "categoryId":"Cuckoo"
      },
      {
         "id":"Cuckoo_8",
         "name":"pass_out.png",
         "categoryId":"Cuckoo"
      },
      {
         "id":"Cuckoo_9",
         "name":"question.png",
         "categoryId":"Cuckoo"
      },
      {
         "id":"Cuckoo_10",
         "name":"run_away.png",
         "categoryId":"Cuckoo"
      },
      {
         "id":"Cuckoo_11",
         "name":"sad.png",
         "categoryId":"Cuckoo"
      },
      {
         "id":"Cuckoo_12",
         "name":"sing.png",
         "categoryId":"Cuckoo"
      },
      {
         "id":"Cuckoo_13",
         "name":"sleep.png",
         "categoryId":"Cuckoo"
      },
      {
         "id":"Cuckoo_14",
         "name":"smile.png",
         "categoryId":"Cuckoo"
      },
      {
         "id":"Cuckoo_15",
         "name":"surprise_what.png",
         "categoryId":"Cuckoo"
      }
   ]
}
