{
    "id": "Starly",
    "name": "Starly",
    "updatedAt": "2",
    "thumbnail": "laugh.png",
    "stickers": [ 
      {
        "id": "Starly_1",
        "name": "angel.png",
        "categoryId": "Starly"
      },
      {
        "id": "Starly_2",
        "name": "angry.png",
        "categoryId": "Starly"
      },
      {
        "id": "Starly_3",
        "name": "cry.png",
        "categoryId": "Starly"
      },
      {
        "id": "Starly_4",
        "name": "dilemma.png",
        "categoryId": "Starly"
      },
      {
        "id": "Starly_5",
        "name": "eww.png",
        "categoryId": "Starly"
      },
      {
        "id": "Starly_6",
        "name": "kiss.png",
        "categoryId": "Starly"
      },
      {
        "id": "Starly_7",
        "name": "laugh_tongue_out.png",
        "categoryId": "Starly"
      },
      {
        "id": "Starly_8",
        "name": "laugh.png",
        "categoryId": "Starly"
      },
      {
        "id": "Starly_9",
        "name": "love.png",
        "categoryId": "Starly"
      },
      {
        "id": "Starly_10",
        "name": "puke.png",
        "categoryId": "Starly"
      },
      {
        "id": "Starly_11",
        "name": "sad.png",
        "categoryId": "Starly"
      },
      {
        "id": "Starly_12",
        "name": "sigh.png",
        "categoryId": "Starly"
      },
      {
        "id": "Starly_13",
        "name": "sleep.png",
        "categoryId": "Starly"
      },
      {
        "id": "Starly_14",
        "name": "smile_eyes_closed.png",
        "categoryId": "Starly"
      },
      {
        "id": "Starly_15",
        "name": "smile_eyes_open.png",
        "categoryId": "Starly"
      },
      {
        "id": "Starly_16",
        "name": "smile.png",
        "categoryId": "Starly"
      },
      {
        "id": "Starly_17",
        "name": "super_angry.png",
        "categoryId": "Starly"
      },
      {
        "id": "Starly_18",
        "name": "surprise.png",
        "categoryId": "Starly"
      },
      {
        "id": "Starly_19",
        "name": "sweater.png",
        "categoryId": "Starly"
      },
      {
        "id": "Starly_20",
        "name": "tounge.png",
        "categoryId": "Starly"
      },
      {
        "id": "Starly_21",
        "name": "wings.png",
        "categoryId": "Starly"
      },
      {
        "id": "Starly_22",
        "name": "wink.png",
        "categoryId": "Starly"
      }
    ]
  }
  
